method,size,range,distribution,ordered,time
quickSort,1000000,10000,uniform,True,1.5392756462097168
mergeSort,1000000,10000,uniform,True,2.115734815597534
binarySort,1000000,10000,uniform,True,1.0306053161621094
quickSort,2000000,10000,uniform,True,3.712282180786133
mergeSort,2000000,10000,uniform,True,4.795650959014893
binarySort,2000000,10000,uniform,True,2.454575538635254
quickSort,3000000,10000,uniform,True,5.646840333938599
mergeSort,3000000,10000,uniform,True,7.263079404830933
binarySort,3000000,10000,uniform,True,3.841226577758789
quickSort,4000000,10000,uniform,True,7.6256678104400635
mergeSort,4000000,10000,uniform,True,9.870840311050415
binarySort,4000000,10000,uniform,True,5.2792956829071045
quickSort,5000000,10000,uniform,True,10.200316190719604
mergeSort,5000000,10000,uniform,True,12.754669427871704
binarySort,5000000,10000,uniform,True,6.939573287963867
quickSort,1000000,50000,uniform,True,1.893000602722168
mergeSort,1000000,50000,uniform,True,2.0957164764404297
binarySort,1000000,50000,uniform,True,1.171905517578125
quickSort,2000000,50000,uniform,True,3.878476619720459
mergeSort,2000000,50000,uniform,True,4.539088487625122
binarySort,2000000,50000,uniform,True,2.5833580493927
quickSort,3000000,50000,uniform,True,6.38359260559082
mergeSort,3000000,50000,uniform,True,7.3635149002075195
binarySort,3000000,50000,uniform,True,4.160063743591309
quickSort,4000000,50000,uniform,True,9.41626238822937
mergeSort,4000000,50000,uniform,True,9.94880199432373
binarySort,4000000,50000,uniform,True,5.895551681518555
quickSort,5000000,50000,uniform,True,12.416075468063354
mergeSort,5000000,50000,uniform,True,12.897781610488892
binarySort,5000000,50000,uniform,True,7.579020738601685
quickSort,1000000,100000,uniform,True,2.0414071083068848
mergeSort,1000000,100000,uniform,True,2.0786049365997314
binarySort,1000000,100000,uniform,True,1.2773442268371582
quickSort,2000000,100000,uniform,True,3.9334802627563477
mergeSort,2000000,100000,uniform,True,4.552372694015503
binarySort,2000000,100000,uniform,True,2.765362501144409
quickSort,3000000,100000,uniform,True,6.31355357170105
mergeSort,3000000,100000,uniform,True,7.510909795761108
binarySort,3000000,100000,uniform,True,5.11717677116394
quickSort,4000000,100000,uniform,True,10.849354982376099
mergeSort,4000000,100000,uniform,True,10.175429344177246
binarySort,4000000,100000,uniform,True,6.0903706550598145
quickSort,5000000,100000,uniform,True,11.824896574020386
mergeSort,5000000,100000,uniform,True,12.84018611907959
binarySort,5000000,100000,uniform,True,7.9918434619903564
quickSort,1000000,200000,uniform,True,2.125631809234619
mergeSort,1000000,200000,uniform,True,2.1062660217285156
binarySort,1000000,200000,uniform,True,1.441955327987671
quickSort,2000000,200000,uniform,True,4.34501051902771
mergeSort,2000000,200000,uniform,True,4.603063344955444
binarySort,2000000,200000,uniform,True,3.0334725379943848
quickSort,3000000,200000,uniform,True,7.42410135269165
mergeSort,3000000,200000,uniform,True,7.58518123626709
binarySort,3000000,200000,uniform,True,4.737135171890259
quickSort,4000000,200000,uniform,True,9.869415760040283
mergeSort,4000000,200000,uniform,True,10.055177211761475
binarySort,4000000,200000,uniform,True,6.510339736938477
quickSort,5000000,200000,uniform,True,12.928138494491577
mergeSort,5000000,200000,uniform,True,12.920577764511108
binarySort,5000000,200000,uniform,True,8.31119441986084
quickSort,1000000,10000,normal,True,1.6212966442108154
mergeSort,1000000,10000,normal,True,2.0729827880859375
binarySort,1000000,10000,normal,True,1.031156063079834
quickSort,2000000,10000,normal,True,3.5203590393066406
mergeSort,2000000,10000,normal,True,4.522134780883789
binarySort,2000000,10000,normal,True,2.3787002563476562
quickSort,3000000,10000,normal,True,5.5026092529296875
mergeSort,3000000,10000,normal,True,7.3594324588775635
binarySort,3000000,10000,normal,True,3.893483877182007
quickSort,4000000,10000,normal,True,7.825015306472778
mergeSort,4000000,10000,normal,True,9.925201654434204
binarySort,4000000,10000,normal,True,5.4876933097839355
quickSort,5000000,10000,normal,True,9.952210187911987
mergeSort,5000000,10000,normal,True,13.032549619674683
binarySort,5000000,10000,normal,True,7.175441265106201
quickSort,1000000,50000,normal,True,2.003896951675415
mergeSort,1000000,50000,normal,True,2.0972213745117188
binarySort,1000000,50000,normal,True,1.186398983001709
quickSort,2000000,50000,normal,True,4.048942804336548
mergeSort,2000000,50000,normal,True,4.655054569244385
binarySort,2000000,50000,normal,True,2.6815171241760254
quickSort,3000000,50000,normal,True,6.574249029159546
mergeSort,3000000,50000,normal,True,7.2921836376190186
binarySort,3000000,50000,normal,True,4.2972331047058105
quickSort,4000000,50000,normal,True,9.174379587173462
mergeSort,4000000,50000,normal,True,10.101709842681885
binarySort,4000000,50000,normal,True,6.046087265014648
quickSort,5000000,50000,normal,True,11.955393314361572
mergeSort,5000000,50000,normal,True,13.0855553150177
binarySort,5000000,50000,normal,True,7.702187538146973
quickSort,1000000,100000,normal,True,1.9688072204589844
mergeSort,1000000,100000,normal,True,2.120612621307373
binarySort,1000000,100000,normal,True,1.3189351558685303
quickSort,2000000,100000,normal,True,4.229273796081543
mergeSort,2000000,100000,normal,True,4.634982347488403
binarySort,2000000,100000,normal,True,2.8537702560424805
quickSort,3000000,100000,normal,True,6.686995029449463
mergeSort,3000000,100000,normal,True,7.31813907623291
binarySort,3000000,100000,normal,True,4.570438861846924
quickSort,4000000,100000,normal,True,9.056309700012207
mergeSort,4000000,100000,normal,True,10.097859859466553
binarySort,4000000,100000,normal,True,6.2915403842926025
quickSort,5000000,100000,normal,True,11.909882545471191
mergeSort,5000000,100000,normal,True,13.121870994567871
binarySort,5000000,100000,normal,True,8.152281999588013
quickSort,1000000,200000,normal,True,2.1602723598480225
mergeSort,1000000,200000,normal,True,2.1391687393188477
binarySort,1000000,200000,normal,True,1.434973955154419
quickSort,2000000,200000,normal,True,4.736758232116699
mergeSort,2000000,200000,normal,True,4.744581460952759
binarySort,2000000,200000,normal,True,3.0640032291412354
quickSort,3000000,200000,normal,True,7.071452379226685
mergeSort,3000000,200000,normal,True,7.379068851470947
binarySort,3000000,200000,normal,True,4.817418575286865
quickSort,4000000,200000,normal,True,9.744832515716553
mergeSort,4000000,200000,normal,True,10.131624698638916
binarySort,4000000,200000,normal,True,6.626170873641968
quickSort,5000000,200000,normal,True,12.458254337310791
mergeSort,5000000,200000,normal,True,13.167314052581787
binarySort,5000000,200000,normal,True,8.504535913467407
quickSort,1000000,10000,bimodal,True,1.6624538898468018
mergeSort,1000000,10000,bimodal,True,2.1318538188934326
binarySort,1000000,10000,bimodal,True,1.0745203495025635
quickSort,2000000,10000,bimodal,True,3.9166831970214844
mergeSort,2000000,10000,bimodal,True,4.629239797592163
binarySort,2000000,10000,bimodal,True,2.4240641593933105
quickSort,3000000,10000,bimodal,True,6.004175662994385
mergeSort,3000000,10000,bimodal,True,7.3145434856414795
binarySort,3000000,10000,bimodal,True,4.035376071929932
quickSort,4000000,10000,bimodal,True,16.43603253364563
mergeSort,4000000,10000,bimodal,True,10.459612607955933
binarySort,4000000,10000,bimodal,True,5.610939025878906
quickSort,5000000,10000,bimodal,True,11.267010927200317
mergeSort,5000000,10000,bimodal,True,13.057507991790771
binarySort,5000000,10000,bimodal,True,7.276343107223511
quickSort,1000000,50000,bimodal,True,1.9708120822906494
mergeSort,1000000,50000,bimodal,True,2.325627565383911
binarySort,1000000,50000,bimodal,True,1.3406462669372559
quickSort,2000000,50000,bimodal,True,4.232705354690552
mergeSort,2000000,50000,bimodal,True,4.695547819137573
binarySort,2000000,50000,bimodal,True,2.7424166202545166
quickSort,3000000,50000,bimodal,True,6.460974931716919
mergeSort,3000000,50000,bimodal,True,7.3615498542785645
binarySort,3000000,50000,bimodal,True,4.3426408767700195
quickSort,4000000,50000,bimodal,True,9.112712383270264
mergeSort,4000000,50000,bimodal,True,10.267265558242798
binarySort,4000000,50000,bimodal,True,6.296173572540283
quickSort,5000000,50000,bimodal,True,11.727501153945923
mergeSort,5000000,50000,bimodal,True,13.315528631210327
binarySort,5000000,50000,bimodal,True,7.8176069259643555
quickSort,1000000,100000,bimodal,True,2.0461740493774414
mergeSort,1000000,100000,bimodal,True,2.1410257816314697
binarySort,1000000,100000,bimodal,True,1.3430430889129639
quickSort,2000000,100000,bimodal,True,4.465334177017212
mergeSort,2000000,100000,bimodal,True,4.707918882369995
binarySort,2000000,100000,bimodal,True,2.8458364009857178
quickSort,3000000,100000,bimodal,True,6.918813705444336
mergeSort,3000000,100000,bimodal,True,7.389770984649658
binarySort,3000000,100000,bimodal,True,4.538830518722534
quickSort,4000000,100000,bimodal,True,10.137474536895752
mergeSort,4000000,100000,bimodal,True,10.19556450843811
binarySort,4000000,100000,bimodal,True,6.316944599151611
quickSort,5000000,100000,bimodal,True,12.455992937088013
mergeSort,5000000,100000,bimodal,True,13.180594205856323
binarySort,5000000,100000,bimodal,True,8.145217180252075
quickSort,1000000,200000,bimodal,True,2.0817103385925293
mergeSort,1000000,200000,bimodal,True,2.14754319190979
binarySort,1000000,200000,bimodal,True,1.4711277484893799
quickSort,2000000,200000,bimodal,True,4.798146724700928
mergeSort,2000000,200000,bimodal,True,4.720044374465942
binarySort,2000000,200000,bimodal,True,3.0734777450561523
quickSort,3000000,200000,bimodal,True,7.71129035949707
mergeSort,3000000,200000,bimodal,True,7.419785022735596
binarySort,3000000,200000,bimodal,True,4.846921920776367
quickSort,4000000,200000,bimodal,True,10.497085809707642
mergeSort,4000000,200000,bimodal,True,10.194984674453735
binarySort,4000000,200000,bimodal,True,6.640164852142334
quickSort,5000000,200000,bimodal,True,13.609867572784424
mergeSort,5000000,200000,bimodal,True,13.329293012619019
binarySort,5000000,200000,bimodal,True,8.550241231918335
quickSort,1000000,10000,zeros,True,0.6819074153900146
mergeSort,1000000,10000,zeros,True,2.0102121829986572
binarySort,1000000,10000,zeros,True,0.7987627983093262
quickSort,2000000,10000,zeros,True,0.9831938743591309
mergeSort,2000000,10000,zeros,True,4.4060962200164795
binarySort,2000000,10000,zeros,True,1.762542486190796
quickSort,3000000,10000,zeros,True,1.7618861198425293
mergeSort,3000000,10000,zeros,True,6.678550958633423
binarySort,3000000,10000,zeros,True,2.586543560028076
quickSort,4000000,10000,zeros,True,2.28653883934021
mergeSort,4000000,10000,zeros,True,9.03560495376587
binarySort,4000000,10000,zeros,True,3.4692559242248535
quickSort,5000000,10000,zeros,True,2.9649174213409424
mergeSort,5000000,10000,zeros,True,11.509107828140259
binarySort,5000000,10000,zeros,True,4.3436760902404785
quickSort,1000000,50000,zeros,True,0.5832645893096924
mergeSort,1000000,50000,zeros,True,2.020024299621582
binarySort,1000000,50000,zeros,True,0.994722843170166
quickSort,2000000,50000,zeros,True,1.225332498550415
mergeSort,2000000,50000,zeros,True,4.529658317565918
binarySort,2000000,50000,zeros,True,2.009838342666626
quickSort,3000000,50000,zeros,True,1.861041784286499
mergeSort,3000000,50000,zeros,True,6.684448719024658
binarySort,3000000,50000,zeros,True,2.8772857189178467
quickSort,4000000,50000,zeros,True,2.63094425201416
mergeSort,4000000,50000,zeros,True,9.00825810432434
binarySort,4000000,50000,zeros,True,3.9574522972106934
quickSort,5000000,50000,zeros,True,3.320146083831787
mergeSort,5000000,50000,zeros,True,11.560955047607422
binarySort,5000000,50000,zeros,True,5.02793025970459
quickSort,1000000,100000,zeros,True,0.7018651962280273
mergeSort,1000000,100000,zeros,True,2.0083250999450684
binarySort,1000000,100000,zeros,True,1.06378173828125
quickSort,2000000,100000,zeros,True,1.3128530979156494
mergeSort,2000000,100000,zeros,True,4.462076187133789
binarySort,2000000,100000,zeros,True,2.06949782371521
quickSort,3000000,100000,zeros,True,2.2268333435058594
mergeSort,3000000,100000,zeros,True,6.632337808609009
binarySort,3000000,100000,zeros,True,3.148069143295288
quickSort,4000000,100000,zeros,True,2.7794458866119385
mergeSort,4000000,100000,zeros,True,9.1548171043396
binarySort,4000000,100000,zeros,True,4.3171374797821045
quickSort,5000000,100000,zeros,True,4.073681116104126
mergeSort,5000000,100000,zeros,True,11.657732009887695
binarySort,5000000,100000,zeros,True,5.316039800643921
quickSort,1000000,200000,zeros,True,0.6745922565460205
mergeSort,1000000,200000,zeros,True,2.0020809173583984
binarySort,1000000,200000,zeros,True,1.1446175575256348
quickSort,2000000,200000,zeros,True,1.261028528213501
mergeSort,2000000,200000,zeros,True,4.259602785110474
binarySort,2000000,200000,zeros,True,2.1992766857147217
quickSort,3000000,200000,zeros,True,2.038905620574951
mergeSort,3000000,200000,zeros,True,6.662973642349243
binarySort,3000000,200000,zeros,True,3.3977484703063965
quickSort,4000000,200000,zeros,True,3.0442075729370117
mergeSort,4000000,200000,zeros,True,9.056155920028687
binarySort,4000000,200000,zeros,True,4.5884623527526855
quickSort,5000000,200000,zeros,True,3.8636090755462646
mergeSort,5000000,200000,zeros,True,11.634432554244995
binarySort,5000000,200000,zeros,True,5.614236831665039
quickSort,1000000,10000,right_skewed,True,0.8509962558746338
mergeSort,1000000,10000,right_skewed,True,2.140387773513794
binarySort,1000000,10000,right_skewed,True,0.8692135810852051
quickSort,2000000,10000,right_skewed,True,1.6907222270965576
mergeSort,2000000,10000,right_skewed,True,4.619810104370117
binarySort,2000000,10000,right_skewed,True,2.095325469970703
quickSort,3000000,10000,right_skewed,True,4.729615211486816
mergeSort,3000000,10000,right_skewed,True,12.565903902053833
binarySort,3000000,10000,right_skewed,True,2.972071886062622
quickSort,4000000,10000,right_skewed,True,4.0463175773620605
mergeSort,4000000,10000,right_skewed,True,9.741674900054932
binarySort,4000000,10000,right_skewed,True,3.868675470352173
quickSort,5000000,10000,right_skewed,True,5.354167699813843
mergeSort,5000000,10000,right_skewed,True,12.76789379119873
binarySort,5000000,10000,right_skewed,True,5.202836036682129
quickSort,1000000,50000,right_skewed,True,0.9737064838409424
mergeSort,1000000,50000,right_skewed,True,2.1205344200134277
binarySort,1000000,50000,right_skewed,True,1.0017814636230469
quickSort,2000000,50000,right_skewed,True,2.115605115890503
mergeSort,2000000,50000,right_skewed,True,4.629080772399902
binarySort,2000000,50000,right_skewed,True,2.3957269191741943
quickSort,3000000,50000,right_skewed,True,8.23631501197815
mergeSort,3000000,50000,right_skewed,True,17.155198097229004
binarySort,3000000,50000,right_skewed,True,3.4522929191589355
quickSort,4000000,50000,right_skewed,True,13.664303064346313
mergeSort,4000000,50000,right_skewed,True,19.77431559562683
binarySort,4000000,50000,right_skewed,True,4.495234966278076
quickSort,5000000,50000,right_skewed,True,6.02331018447876
mergeSort,5000000,50000,right_skewed,True,12.51302981376648
binarySort,5000000,50000,right_skewed,True,5.716787815093994
quickSort,1000000,100000,right_skewed,True,1.0527620315551758
mergeSort,1000000,100000,right_skewed,True,2.1556296348571777
binarySort,1000000,100000,right_skewed,True,1.1308584213256836
quickSort,2000000,100000,right_skewed,True,2.387469530105591
mergeSort,2000000,100000,right_skewed,True,4.568071603775024
binarySort,2000000,100000,right_skewed,True,2.355954647064209
quickSort,3000000,100000,right_skewed,True,3.4848079681396484
mergeSort,3000000,100000,right_skewed,True,7.229379415512085
binarySort,3000000,100000,right_skewed,True,3.5200138092041016
quickSort,4000000,100000,right_skewed,True,4.859930753707886
mergeSort,4000000,100000,right_skewed,True,9.790868759155273
binarySort,4000000,100000,right_skewed,True,4.733469486236572
quickSort,5000000,100000,right_skewed,True,6.345447778701782
mergeSort,5000000,100000,right_skewed,True,12.545161962509155
binarySort,5000000,100000,right_skewed,True,6.078240871429443
quickSort,1000000,200000,right_skewed,True,1.1348943710327148
mergeSort,1000000,200000,right_skewed,True,2.1388235092163086
binarySort,1000000,200000,right_skewed,True,1.2396454811096191
quickSort,2000000,200000,right_skewed,True,2.2369706630706787
mergeSort,2000000,200000,right_skewed,True,4.586177587509155
binarySort,2000000,200000,right_skewed,True,2.588351011276245
quickSort,3000000,200000,right_skewed,True,3.840332269668579
mergeSort,3000000,200000,right_skewed,True,7.178817272186279
binarySort,3000000,200000,right_skewed,True,3.8095078468322754
quickSort,4000000,200000,right_skewed,True,5.215654611587524
mergeSort,4000000,200000,right_skewed,True,9.825806140899658
binarySort,4000000,200000,right_skewed,True,5.0397937297821045
quickSort,5000000,200000,right_skewed,True,6.6563050746917725
mergeSort,5000000,200000,right_skewed,True,12.821509838104248
binarySort,5000000,200000,right_skewed,True,6.506816387176514
quickSort,1000000,10000,left_skewed,True,0.24287152290344238
mergeSort,1000000,10000,left_skewed,True,1.8253719806671143
binarySort,1000000,10000,left_skewed,True,0.4144911766052246
quickSort,2000000,10000,left_skewed,True,0.2891998291015625
mergeSort,2000000,10000,left_skewed,True,3.825530767440796
binarySort,2000000,10000,left_skewed,True,0.8399221897125244
quickSort,3000000,10000,left_skewed,True,0.4636216163635254
mergeSort,3000000,10000,left_skewed,True,5.930567264556885
binarySort,3000000,10000,left_skewed,True,1.4079978466033936
quickSort,4000000,10000,left_skewed,True,0.6169919967651367
mergeSort,4000000,10000,left_skewed,True,8.04441237449646
binarySort,4000000,10000,left_skewed,True,1.8906335830688477
quickSort,5000000,10000,left_skewed,True,0.7392516136169434
mergeSort,5000000,10000,left_skewed,True,10.221980571746826
binarySort,5000000,10000,left_skewed,True,2.3722589015960693
quickSort,1000000,50000,left_skewed,True,0.1445603370666504
mergeSort,1000000,50000,left_skewed,True,1.8130314350128174
binarySort,1000000,50000,left_skewed,True,0.4098091125488281
quickSort,2000000,50000,left_skewed,True,0.28467369079589844
mergeSort,2000000,50000,left_skewed,True,3.818528175354004
binarySort,2000000,50000,left_skewed,True,0.9380254745483398
quickSort,3000000,50000,left_skewed,True,0.43553876876831055
mergeSort,3000000,50000,left_skewed,True,5.906083345413208
binarySort,3000000,50000,left_skewed,True,1.401425838470459
quickSort,4000000,50000,left_skewed,True,0.7059252262115479
mergeSort,4000000,50000,left_skewed,True,8.002375364303589
binarySort,4000000,50000,left_skewed,True,1.9269859790802002
quickSort,5000000,50000,left_skewed,True,0.7407820224761963
mergeSort,5000000,50000,left_skewed,True,10.190210103988647
binarySort,5000000,50000,left_skewed,True,2.3818349838256836
quickSort,1000000,100000,left_skewed,True,0.16808056831359863
mergeSort,1000000,100000,left_skewed,True,1.815575122833252
binarySort,1000000,100000,left_skewed,True,0.4050149917602539
quickSort,2000000,100000,left_skewed,True,0.293367862701416
mergeSort,2000000,100000,left_skewed,True,3.8240976333618164
binarySort,2000000,100000,left_skewed,True,0.8263792991638184
quickSort,3000000,100000,left_skewed,True,0.4970700740814209
mergeSort,3000000,100000,left_skewed,True,5.935341119766235
binarySort,3000000,100000,left_skewed,True,1.4091050624847412
quickSort,4000000,100000,left_skewed,True,0.6068453788757324
mergeSort,4000000,100000,left_skewed,True,7.993664026260376
binarySort,4000000,100000,left_skewed,True,1.89420485496521
quickSort,5000000,100000,left_skewed,True,0.8613896369934082
mergeSort,5000000,100000,left_skewed,True,10.225571393966675
binarySort,5000000,100000,left_skewed,True,2.3923943042755127
quickSort,1000000,200000,left_skewed,True,0.1813807487487793
mergeSort,1000000,200000,left_skewed,True,1.8144006729125977
binarySort,1000000,200000,left_skewed,True,0.45691967010498047
quickSort,2000000,200000,left_skewed,True,0.3970813751220703
mergeSort,2000000,200000,left_skewed,True,3.819765567779541
binarySort,2000000,200000,left_skewed,True,0.9453222751617432
quickSort,3000000,200000,left_skewed,True,0.4313061237335205
mergeSort,3000000,200000,left_skewed,True,5.940558433532715
binarySort,3000000,200000,left_skewed,True,1.3984777927398682
quickSort,4000000,200000,left_skewed,True,0.5835402011871338
mergeSort,4000000,200000,left_skewed,True,7.9972243309021
binarySort,4000000,200000,left_skewed,True,1.8826122283935547
quickSort,5000000,200000,left_skewed,True,0.7881975173950195
mergeSort,5000000,200000,left_skewed,True,10.233577013015747
binarySort,5000000,200000,left_skewed,True,2.3573691844940186
quickSort,6000000,10000,uniform,True,12.202210426330566
mergeSort,6000000,10000,uniform,True,15.840291976928711
binarySort,6000000,10000,uniform,True,8.698808908462524
quickSort,7000000,10000,uniform,True,15.327174186706543
mergeSort,7000000,10000,uniform,True,31.843926906585693
binarySort,7000000,10000,uniform,True,10.349180221557617
quickSort,8000000,10000,uniform,True,40.438719749450684
mergeSort,8000000,10000,uniform,True,23.33550262451172
binarySort,8000000,10000,uniform,True,24.588099479675293
quickSort,9000000,10000,uniform,True,25.599345445632935
mergeSort,9000000,10000,uniform,True,25.510764122009277
binarySort,9000000,10000,uniform,True,14.062037706375122
quickSort,10000000,10000,uniform,True,23.439085721969604
mergeSort,10000000,10000,uniform,True,28.594319820404053
binarySort,10000000,10000,uniform,True,15.949982166290283
quickSort,6000000,50000,uniform,True,15.092984914779663
mergeSort,6000000,50000,uniform,True,16.357686519622803
binarySort,6000000,50000,uniform,True,9.869693756103516
quickSort,7000000,50000,uniform,True,17.516640663146973
mergeSort,7000000,50000,uniform,True,39.28814363479614
binarySort,7000000,50000,uniform,True,16.120704412460327
quickSort,8000000,50000,uniform,True,21.21270251274109
mergeSort,8000000,50000,uniform,True,22.758065938949585
binarySort,8000000,50000,uniform,True,13.809571266174316
quickSort,9000000,50000,uniform,True,23.918925285339355
mergeSort,9000000,50000,uniform,True,25.85091757774353
binarySort,9000000,50000,uniform,True,15.6476571559906
quickSort,10000000,50000,uniform,True,27.680971145629883
mergeSort,10000000,50000,uniform,True,28.972726106643677
binarySort,10000000,50000,uniform,True,17.69436740875244
quickSort,6000000,100000,uniform,True,16.399744749069214
mergeSort,6000000,100000,uniform,True,16.62820076942444
binarySort,6000000,100000,uniform,True,10.369121789932251
quickSort,7000000,100000,uniform,True,18.786295175552368
mergeSort,7000000,100000,uniform,True,19.639676094055176
binarySort,7000000,100000,uniform,True,12.453093528747559
quickSort,8000000,100000,uniform,True,21.562793493270874
mergeSort,8000000,100000,uniform,True,22.757020473480225
binarySort,8000000,100000,uniform,True,14.372559070587158
quickSort,9000000,100000,uniform,True,25.815211296081543
mergeSort,9000000,100000,uniform,True,26.136539459228516
binarySort,9000000,100000,uniform,True,16.480424404144287
quickSort,10000000,100000,uniform,True,28.906034231185913
mergeSort,10000000,100000,uniform,True,29.243154764175415
binarySort,10000000,100000,uniform,True,19.73310160636902
quickSort,6000000,200000,uniform,True,17.4035484790802
mergeSort,6000000,200000,uniform,True,17.1615731716156
binarySort,6000000,200000,uniform,True,11.330344676971436
quickSort,7000000,200000,uniform,True,19.416743516921997
mergeSort,7000000,200000,uniform,True,19.54035520553589
binarySort,7000000,200000,uniform,True,12.67675495147705
quickSort,8000000,200000,uniform,True,22.406583309173584
mergeSort,8000000,200000,uniform,True,22.61344051361084
binarySort,8000000,200000,uniform,True,14.890908002853394
quickSort,9000000,200000,uniform,True,26.215091943740845
mergeSort,9000000,200000,uniform,True,26.11307120323181
binarySort,9000000,200000,uniform,True,17.050607681274414
quickSort,10000000,200000,uniform,True,29.15860104560852
mergeSort,10000000,200000,uniform,True,29.28995943069458
binarySort,10000000,200000,uniform,True,19.229650259017944
quickSort,6000000,10000,normal,True,13.541108846664429
mergeSort,6000000,10000,normal,True,16.4412100315094
binarySort,6000000,10000,normal,True,9.115466833114624
quickSort,7000000,10000,normal,True,15.499352216720581
mergeSort,7000000,10000,normal,True,19.400794982910156
binarySort,7000000,10000,normal,True,10.76572036743164
quickSort,8000000,10000,normal,True,17.145912647247314
mergeSort,8000000,10000,normal,True,22.25031805038452
binarySort,8000000,10000,normal,True,12.467452764511108
quickSort,9000000,10000,normal,True,20.74645209312439
mergeSort,9000000,10000,normal,True,25.549389123916626
binarySort,9000000,10000,normal,True,14.248264789581299
quickSort,10000000,10000,normal,True,24.143437385559082
mergeSort,10000000,10000,normal,True,28.621502161026
binarySort,10000000,10000,normal,True,16.188987731933594
quickSort,6000000,50000,normal,True,14.99368691444397
mergeSort,6000000,50000,normal,True,16.427468061447144
binarySort,6000000,50000,normal,True,10.010910511016846
quickSort,7000000,50000,normal,True,17.973111867904663
mergeSort,7000000,50000,normal,True,19.531226634979248
binarySort,7000000,50000,normal,True,11.922287464141846
quickSort,8000000,50000,normal,True,20.328948259353638
mergeSort,8000000,50000,normal,True,22.7030611038208
binarySort,8000000,50000,normal,True,13.76642918586731
quickSort,9000000,50000,normal,True,25.075058460235596
mergeSort,9000000,50000,normal,True,26.01919436454773
binarySort,9000000,50000,normal,True,15.955191612243652
quickSort,10000000,50000,normal,True,27.479438304901123
mergeSort,10000000,50000,normal,True,29.30405068397522
binarySort,10000000,50000,normal,True,17.828986883163452
quickSort,6000000,100000,normal,True,15.152582168579102
mergeSort,6000000,100000,normal,True,16.52496361732483
binarySort,6000000,100000,normal,True,10.644593000411987
quickSort,7000000,100000,normal,True,19.319573879241943
mergeSort,7000000,100000,normal,True,19.610739946365356
binarySort,7000000,100000,normal,True,12.499431371688843
quickSort,8000000,100000,normal,True,21.373352527618408
mergeSort,8000000,100000,normal,True,22.77281951904297
binarySort,8000000,100000,normal,True,14.55444622039795
quickSort,9000000,100000,normal,True,25.24460482597351
mergeSort,9000000,100000,normal,True,26.221877336502075
binarySort,9000000,100000,normal,True,16.538488388061523
quickSort,10000000,100000,normal,True,28.68778896331787
mergeSort,10000000,100000,normal,True,29.653274297714233
binarySort,10000000,100000,normal,True,18.63021683692932
quickSort,6000000,200000,normal,True,16.85596466064453
mergeSort,6000000,200000,normal,True,16.581954956054688
binarySort,6000000,200000,normal,True,11.047568559646606
quickSort,7000000,200000,normal,True,19.68622922897339
mergeSort,7000000,200000,normal,True,19.8795485496521
binarySort,7000000,200000,normal,True,13.16425371170044
quickSort,8000000,200000,normal,True,23.807884693145752
mergeSort,8000000,200000,normal,True,22.919119596481323
binarySort,8000000,200000,normal,True,15.15430736541748
quickSort,9000000,200000,normal,True,26.207163333892822
mergeSort,9000000,200000,normal,True,26.28195095062256
binarySort,9000000,200000,normal,True,17.29768943786621
quickSort,10000000,200000,normal,True,28.74354362487793
mergeSort,10000000,200000,normal,True,29.477614641189575
binarySort,10000000,200000,normal,True,19.574941396713257
quickSort,6000000,10000,bimodal,True,13.959546089172363
mergeSort,6000000,10000,bimodal,True,16.535414457321167
binarySort,6000000,10000,bimodal,True,9.208347082138062
quickSort,7000000,10000,bimodal,True,16.826838731765747
mergeSort,7000000,10000,bimodal,True,19.567816972732544
binarySort,7000000,10000,bimodal,True,10.96157956123352
quickSort,8000000,10000,bimodal,True,18.11627697944641
mergeSort,8000000,10000,bimodal,True,22.654175519943237
binarySort,8000000,10000,bimodal,True,12.603170156478882
quickSort,9000000,10000,bimodal,True,21.077887773513794
mergeSort,9000000,10000,bimodal,True,25.851438760757446
binarySort,9000000,10000,bimodal,True,14.472609519958496
quickSort,10000000,10000,bimodal,True,23.03765296936035
mergeSort,10000000,10000,bimodal,True,29.236552953720093
binarySort,10000000,10000,bimodal,True,16.700857400894165
quickSort,6000000,50000,bimodal,True,15.345541715621948
mergeSort,6000000,50000,bimodal,True,16.594463348388672
binarySort,6000000,50000,bimodal,True,9.956042289733887
quickSort,7000000,50000,bimodal,True,18.046571731567383
mergeSort,7000000,50000,bimodal,True,19.66960120201111
binarySort,7000000,50000,bimodal,True,12.018155336380005
quickSort,8000000,50000,bimodal,True,20.737213611602783
mergeSort,8000000,50000,bimodal,True,22.818428993225098
binarySort,8000000,50000,bimodal,True,13.909608364105225
quickSort,9000000,50000,bimodal,True,23.906261444091797
mergeSort,9000000,50000,bimodal,True,26.217074632644653
binarySort,9000000,50000,bimodal,True,15.971579313278198
quickSort,10000000,50000,bimodal,True,26.9835045337677
mergeSort,10000000,50000,bimodal,True,29.7115478515625
binarySort,10000000,50000,bimodal,True,17.926637411117554
quickSort,6000000,100000,bimodal,True,15.971589088439941
mergeSort,6000000,100000,bimodal,True,16.6990749835968
binarySort,6000000,100000,bimodal,True,10.48060417175293
quickSort,7000000,100000,bimodal,True,18.764241456985474
mergeSort,7000000,100000,bimodal,True,19.942437648773193
binarySort,7000000,100000,bimodal,True,12.44658875465393
quickSort,8000000,100000,bimodal,True,21.69437289237976
mergeSort,8000000,100000,bimodal,True,22.92538332939148
binarySort,8000000,100000,bimodal,True,14.429495334625244
quickSort,9000000,100000,bimodal,True,25.372419595718384
mergeSort,9000000,100000,bimodal,True,26.32637596130371
binarySort,9000000,100000,bimodal,True,16.472588777542114
quickSort,10000000,100000,bimodal,True,29.376327753067017
mergeSort,10000000,100000,bimodal,True,29.660021781921387
binarySort,10000000,100000,bimodal,True,18.71295666694641
quickSort,6000000,200000,bimodal,True,17.214314937591553
mergeSort,6000000,200000,bimodal,True,16.76404905319214
binarySort,6000000,200000,bimodal,True,10.904093027114868
quickSort,7000000,200000,bimodal,True,19.602582931518555
mergeSort,7000000,200000,bimodal,True,19.971637725830078
binarySort,7000000,200000,bimodal,True,13.008986473083496
quickSort,8000000,200000,bimodal,True,23.00253415107727
mergeSort,8000000,200000,bimodal,True,22.776056051254272
binarySort,8000000,200000,bimodal,True,14.861036777496338
quickSort,9000000,200000,bimodal,True,26.45969009399414
mergeSort,9000000,200000,bimodal,True,26.089559078216553
binarySort,9000000,200000,bimodal,True,17.186845302581787
quickSort,10000000,200000,bimodal,True,29.59203314781189
mergeSort,10000000,200000,bimodal,True,29.7712185382843
binarySort,10000000,200000,bimodal,True,20.272669792175293
quickSort,6000000,10000,zeros,True,4.514776945114136
mergeSort,6000000,10000,zeros,True,14.223606586456299
binarySort,6000000,10000,zeros,True,5.381174325942993
quickSort,7000000,10000,zeros,True,4.728813648223877
mergeSort,7000000,10000,zeros,True,16.78401255607605
binarySort,7000000,10000,zeros,True,6.378783226013184
quickSort,8000000,10000,zeros,True,5.721142530441284
mergeSort,8000000,10000,zeros,True,19.09822416305542
binarySort,8000000,10000,zeros,True,7.393831253051758
quickSort,9000000,10000,zeros,True,6.532635927200317
mergeSort,9000000,10000,zeros,True,21.826133966445923
binarySort,9000000,10000,zeros,True,8.34323787689209
quickSort,10000000,10000,zeros,True,7.156642436981201
mergeSort,10000000,10000,zeros,True,24.722445487976074
binarySort,10000000,10000,zeros,True,9.45962929725647
quickSort,6000000,50000,zeros,True,4.6643664836883545
mergeSort,6000000,50000,zeros,True,14.369683504104614
binarySort,6000000,50000,zeros,True,6.15218448638916
quickSort,7000000,50000,zeros,True,5.484603404998779
mergeSort,7000000,50000,zeros,True,16.947110891342163
binarySort,7000000,50000,zeros,True,7.239062309265137
quickSort,8000000,50000,zeros,True,6.1736791133880615
mergeSort,8000000,50000,zeros,True,19.412845849990845
binarySort,8000000,50000,zeros,True,8.401757955551147
quickSort,9000000,50000,zeros,True,7.13282585144043
mergeSort,9000000,50000,zeros,True,22.17866349220276
binarySort,9000000,50000,zeros,True,9.46884536743164
quickSort,10000000,50000,zeros,True,8.04658055305481
mergeSort,10000000,50000,zeros,True,24.849095106124878
binarySort,10000000,50000,zeros,True,10.758657932281494
quickSort,6000000,100000,zeros,True,4.861596584320068
mergeSort,6000000,100000,zeros,True,14.464390277862549
binarySort,6000000,100000,zeros,True,6.4852213859558105
quickSort,7000000,100000,zeros,True,5.3630146980285645
mergeSort,7000000,100000,zeros,True,17.04181981086731
binarySort,7000000,100000,zeros,True,7.7424376010894775
quickSort,8000000,100000,zeros,True,6.262615442276001
mergeSort,8000000,100000,zeros,True,19.48585295677185
binarySort,8000000,100000,zeros,True,8.857072353363037
quickSort,9000000,100000,zeros,True,7.426892518997192
mergeSort,9000000,100000,zeros,True,22.290818452835083
binarySort,9000000,100000,zeros,True,10.097970247268677
quickSort,10000000,100000,zeros,True,9.049846410751343
mergeSort,10000000,100000,zeros,True,24.902423858642578
binarySort,10000000,100000,zeros,True,11.373045206069946
quickSort,6000000,200000,zeros,True,5.308123826980591
mergeSort,6000000,200000,zeros,True,14.701744318008423
binarySort,6000000,200000,zeros,True,7.06633448600769
quickSort,7000000,200000,zeros,True,6.4066078662872314
mergeSort,7000000,200000,zeros,True,17.190973043441772
binarySort,7000000,200000,zeros,True,8.317792654037476
quickSort,8000000,200000,zeros,True,6.698086261749268
mergeSort,8000000,200000,zeros,True,19.577327489852905
binarySort,8000000,200000,zeros,True,9.430463552474976
quickSort,9000000,200000,zeros,True,7.723797559738159
mergeSort,9000000,200000,zeros,True,22.38538670539856
binarySort,9000000,200000,zeros,True,10.711843013763428
quickSort,10000000,200000,zeros,True,8.418357610702515
mergeSort,10000000,200000,zeros,True,24.96449041366577
binarySort,10000000,200000,zeros,True,11.997000694274902
quickSort,6000000,10000,right_skewed,True,6.813454627990723
mergeSort,6000000,10000,right_skewed,True,15.584824085235596
binarySort,6000000,10000,right_skewed,True,6.484396457672119
quickSort,7000000,10000,right_skewed,True,8.179089784622192
mergeSort,7000000,10000,right_skewed,True,18.488171100616455
binarySort,7000000,10000,right_skewed,True,7.764657020568848
quickSort,8000000,10000,right_skewed,True,10.197522401809692
mergeSort,8000000,10000,right_skewed,True,21.181869506835938
binarySort,8000000,10000,right_skewed,True,9.005171537399292
quickSort,9000000,10000,right_skewed,True,11.077370882034302
mergeSort,9000000,10000,right_skewed,True,24.225167751312256
binarySort,9000000,10000,right_skewed,True,10.140721321105957
quickSort,10000000,10000,right_skewed,True,12.988417148590088
mergeSort,10000000,10000,right_skewed,True,27.251545429229736
binarySort,10000000,10000,right_skewed,True,11.430570125579834
quickSort,6000000,50000,right_skewed,True,7.699550628662109
mergeSort,6000000,50000,right_skewed,True,15.755951404571533
binarySort,6000000,50000,right_skewed,True,7.3503217697143555
quickSort,7000000,50000,right_skewed,True,9.319344282150269
mergeSort,7000000,50000,right_skewed,True,18.5337495803833
binarySort,7000000,50000,right_skewed,True,8.587172985076904
quickSort,8000000,50000,right_skewed,True,11.005746126174927
mergeSort,8000000,50000,right_skewed,True,21.3500874042511
binarySort,8000000,50000,right_skewed,True,9.94250226020813
quickSort,9000000,50000,right_skewed,True,13.059851169586182
mergeSort,9000000,50000,right_skewed,True,24.38800311088562
binarySort,9000000,50000,right_skewed,True,11.26925253868103
quickSort,10000000,50000,right_skewed,True,14.269254922866821
mergeSort,10000000,50000,right_skewed,True,27.31002950668335
binarySort,10000000,50000,right_skewed,True,12.690723180770874
quickSort,6000000,100000,right_skewed,True,8.120213508605957
mergeSort,6000000,100000,right_skewed,True,15.752566814422607
binarySort,6000000,100000,right_skewed,True,7.634226560592651
quickSort,7000000,100000,right_skewed,True,9.613080501556396
mergeSort,7000000,100000,right_skewed,True,18.488765716552734
binarySort,7000000,100000,right_skewed,True,9.062915563583374
quickSort,8000000,100000,right_skewed,True,11.55172348022461
mergeSort,8000000,100000,right_skewed,True,21.30689239501953
binarySort,8000000,100000,right_skewed,True,10.415520191192627
quickSort,9000000,100000,right_skewed,True,13.580776453018188
mergeSort,9000000,100000,right_skewed,True,24.3829128742218
binarySort,9000000,100000,right_skewed,True,11.78997015953064
quickSort,10000000,100000,right_skewed,True,14.511417388916016
mergeSort,10000000,100000,right_skewed,True,27.358980655670166
binarySort,10000000,100000,right_skewed,True,13.395850419998169
quickSort,6000000,200000,right_skewed,True,8.74550199508667
mergeSort,6000000,200000,right_skewed,True,15.786271572113037
binarySort,6000000,200000,right_skewed,True,8.031108617782593
quickSort,7000000,200000,right_skewed,True,9.752028703689575
mergeSort,7000000,200000,right_skewed,True,18.532386541366577
binarySort,7000000,200000,right_skewed,True,9.464736938476562
quickSort,8000000,200000,right_skewed,True,11.977263689041138
mergeSort,8000000,200000,right_skewed,True,21.376703023910522
binarySort,8000000,200000,right_skewed,True,10.96041989326477
quickSort,9000000,200000,right_skewed,True,13.36094069480896
mergeSort,9000000,200000,right_skewed,True,24.38391923904419
binarySort,9000000,200000,right_skewed,True,12.491914749145508
quickSort,10000000,200000,right_skewed,True,14.663967847824097
mergeSort,10000000,200000,right_skewed,True,27.376652479171753
binarySort,10000000,200000,right_skewed,True,14.034737348556519
quickSort,6000000,10000,left_skewed,True,1.2922470569610596
mergeSort,6000000,10000,left_skewed,True,12.544167518615723
binarySort,6000000,10000,left_skewed,True,2.833996534347534
quickSort,7000000,10000,left_skewed,True,1.2516059875488281
mergeSort,7000000,10000,left_skewed,True,14.752248525619507
binarySort,7000000,10000,left_skewed,True,3.354567766189575
quickSort,8000000,10000,left_skewed,True,1.381929874420166
mergeSort,8000000,10000,left_skewed,True,16.879194259643555
binarySort,8000000,10000,left_skewed,True,3.814155101776123
quickSort,9000000,10000,left_skewed,True,1.3647732734680176
mergeSort,9000000,10000,left_skewed,True,19.34927225112915
binarySort,9000000,10000,left_skewed,True,4.33126974105835
quickSort,10000000,10000,left_skewed,True,1.517674446105957
mergeSort,10000000,10000,left_skewed,True,21.559447288513184
binarySort,10000000,10000,left_skewed,True,4.80901026725769
quickSort,6000000,50000,left_skewed,True,1.0537762641906738
mergeSort,6000000,50000,left_skewed,True,12.558404445648193
binarySort,6000000,50000,left_skewed,True,2.841853141784668
quickSort,7000000,50000,left_skewed,True,1.0347790718078613
mergeSort,7000000,50000,left_skewed,True,14.809767961502075
binarySort,7000000,50000,left_skewed,True,3.746166229248047
quickSort,8000000,50000,left_skewed,True,1.1833765506744385
mergeSort,8000000,50000,left_skewed,True,17.104135990142822
binarySort,8000000,50000,left_skewed,True,3.882704496383667
quickSort,9000000,50000,left_skewed,True,1.4960825443267822
mergeSort,9000000,50000,left_skewed,True,19.619465112686157
binarySort,9000000,50000,left_skewed,True,4.358962059020996
quickSort,10000000,50000,left_skewed,True,1.564249038696289
mergeSort,10000000,50000,left_skewed,True,21.788615703582764
binarySort,10000000,50000,left_skewed,True,4.786323547363281
quickSort,6000000,100000,left_skewed,True,0.8919117450714111
mergeSort,6000000,100000,left_skewed,True,12.646312236785889
binarySort,6000000,100000,left_skewed,True,2.8542580604553223
quickSort,7000000,100000,left_skewed,True,1.0358483791351318
mergeSort,7000000,100000,left_skewed,True,14.82174038887024
binarySort,7000000,100000,left_skewed,True,3.3863449096679688
quickSort,8000000,100000,left_skewed,True,1.3247439861297607
mergeSort,8000000,100000,left_skewed,True,17.067768096923828
binarySort,8000000,100000,left_skewed,True,3.874068260192871
quickSort,9000000,100000,left_skewed,True,1.5057201385498047
mergeSort,9000000,100000,left_skewed,True,19.466543436050415
binarySort,9000000,100000,left_skewed,True,4.339450836181641
quickSort,10000000,100000,left_skewed,True,1.5041916370391846
mergeSort,10000000,100000,left_skewed,True,21.74564528465271
binarySort,10000000,100000,left_skewed,True,4.869055271148682
quickSort,6000000,200000,left_skewed,True,0.8853964805603027
mergeSort,6000000,200000,left_skewed,True,12.642173290252686
binarySort,6000000,200000,left_skewed,True,2.8721694946289062
quickSort,7000000,200000,left_skewed,True,1.071840524673462
mergeSort,7000000,200000,left_skewed,True,14.86194372177124
binarySort,7000000,200000,left_skewed,True,3.358711004257202
quickSort,8000000,200000,left_skewed,True,1.1993372440338135
mergeSort,8000000,200000,left_skewed,True,17.076339721679688
binarySort,8000000,200000,left_skewed,True,3.8517227172851562
quickSort,9000000,200000,left_skewed,True,1.5758693218231201
mergeSort,9000000,200000,left_skewed,True,19.52166986465454
binarySort,9000000,200000,left_skewed,True,4.322062253952026
quickSort,10000000,200000,left_skewed,True,1.5254220962524414
mergeSort,10000000,200000,left_skewed,True,21.719974279403687
binarySort,10000000,200000,left_skewed,True,4.807288885116577
quickSort,11000000,10000,uniform,True,33.50257682800293
mergeSort,11000000,10000,uniform,True,31.893744945526123
binarySort,11000000,10000,uniform,True,20.727124214172363
quickSort,12000000,10000,uniform,True,69.40856671333313
mergeSort,12000000,10000,uniform,True,84.54437279701233
binarySort,12000000,10000,uniform,True,35.66900658607483
quickSort,13000000,10000,uniform,True,55.112252712249756
mergeSort,13000000,10000,uniform,True,38.36434531211853
binarySort,13000000,10000,uniform,True,21.752097845077515
quickSort,14000000,10000,uniform,True,34.971335649490356
mergeSort,14000000,10000,uniform,True,41.6829776763916
binarySort,14000000,10000,uniform,True,23.43396306037903
quickSort,15000000,10000,uniform,True,37.38465642929077
mergeSort,15000000,10000,uniform,True,44.660009145736694
binarySort,15000000,10000,uniform,True,25.638089418411255
quickSort,11000000,50000,uniform,True,30.705074071884155
mergeSort,11000000,50000,uniform,True,32.38202404975891
binarySort,11000000,50000,uniform,True,19.717836618423462
quickSort,12000000,50000,uniform,True,33.25142693519592
mergeSort,12000000,50000,uniform,True,35.26241183280945
binarySort,12000000,50000,uniform,True,21.58065390586853
quickSort,13000000,50000,uniform,True,36.39522981643677
mergeSort,13000000,50000,uniform,True,38.57416272163391
binarySort,13000000,50000,uniform,True,24.030903100967407
quickSort,14000000,50000,uniform,True,41.59583258628845
mergeSort,14000000,50000,uniform,True,41.53575158119202
binarySort,14000000,50000,uniform,True,25.948389768600464
quickSort,15000000,50000,uniform,True,43.5895836353302
mergeSort,15000000,50000,uniform,True,74.20905065536499
binarySort,15000000,50000,uniform,True,57.43751907348633
quickSort,11000000,100000,uniform,True,79.13418221473694
mergeSort,11000000,100000,uniform,True,77.25204229354858
binarySort,11000000,100000,uniform,True,41.938690185546875
quickSort,12000000,100000,uniform,True,83.68464851379395
mergeSort,12000000,100000,uniform,True,85.56799674034119
binarySort,12000000,100000,uniform,True,46.06996989250183
quickSort,13000000,100000,uniform,True,96.54286527633667
mergeSort,13000000,100000,uniform,True,93.59343814849854
binarySort,13000000,100000,uniform,True,50.896766662597656
quickSort,14000000,100000,uniform,True,104.08599305152893
mergeSort,14000000,100000,uniform,True,100.15920162200928
binarySort,14000000,100000,uniform,True,55.03031826019287
quickSort,15000000,100000,uniform,True,111.55326533317566
mergeSort,15000000,100000,uniform,True,107.6130428314209
binarySort,15000000,100000,uniform,True,59.2098228931427
quickSort,11000000,200000,uniform,True,82.04911708831787
mergeSort,11000000,200000,uniform,True,61.81991100311279
binarySort,11000000,200000,uniform,True,21.17902374267578
quickSort,12000000,200000,uniform,True,36.65334177017212
mergeSort,12000000,200000,uniform,True,35.92290663719177
binarySort,12000000,200000,uniform,True,23.527463674545288
quickSort,13000000,200000,uniform,True,39.62696433067322
mergeSort,13000000,200000,uniform,True,39.1457736492157
binarySort,13000000,200000,uniform,True,26.419864416122437
quickSort,14000000,200000,uniform,True,51.01693630218506
mergeSort,14000000,200000,uniform,True,45.85283017158508
binarySort,14000000,200000,uniform,True,29.804933547973633
quickSort,15000000,200000,uniform,True,50.4332230091095
mergeSort,15000000,200000,uniform,True,47.25592088699341
binarySort,15000000,200000,uniform,True,31.309452056884766
quickSort,11000000,10000,normal,True,28.091351747512817
mergeSort,11000000,10000,normal,True,32.55489754676819
binarySort,11000000,10000,normal,True,19.50573992729187
quickSort,12000000,10000,normal,True,30.736748933792114
mergeSort,12000000,10000,normal,True,35.48828434944153
binarySort,12000000,10000,normal,True,20.220264673233032
quickSort,13000000,10000,normal,True,32.58979916572571
mergeSort,13000000,10000,normal,True,38.06141471862793
binarySort,13000000,10000,normal,True,21.905824899673462
quickSort,14000000,10000,normal,True,33.2766637802124
mergeSort,14000000,10000,normal,True,41.44668698310852
binarySort,14000000,10000,normal,True,23.932297468185425
quickSort,15000000,10000,normal,True,36.8934760093689
mergeSort,15000000,10000,normal,True,45.45817041397095
binarySort,15000000,10000,normal,True,26.073797464370728
quickSort,11000000,50000,normal,True,30.669612884521484
mergeSort,11000000,50000,normal,True,32.38134741783142
binarySort,11000000,50000,normal,True,20.24312996864319
quickSort,12000000,50000,normal,True,33.73065114021301
mergeSort,12000000,50000,normal,True,35.68178844451904
binarySort,12000000,50000,normal,True,22.024359226226807
quickSort,13000000,50000,normal,True,35.97752118110657
mergeSort,13000000,50000,normal,True,38.75539541244507
binarySort,13000000,50000,normal,True,24.20907735824585
quickSort,14000000,50000,normal,True,40.463364601135254
mergeSort,14000000,50000,normal,True,42.24611210823059
binarySort,14000000,50000,normal,True,26.30452585220337
quickSort,15000000,50000,normal,True,42.44379115104675
mergeSort,15000000,50000,normal,True,45.45780611038208
binarySort,15000000,50000,normal,True,28.670307397842407
quickSort,11000000,100000,normal,True,31.440937757492065
mergeSort,11000000,100000,normal,True,33.00961709022522
binarySort,11000000,100000,normal,True,48.69757008552551
quickSort,12000000,100000,normal,True,109.51079678535461
mergeSort,12000000,100000,normal,True,96.39020347595215
binarySort,12000000,100000,normal,True,55.85121774673462
quickSort,13000000,100000,normal,True,117.90055346488953
mergeSort,13000000,100000,normal,True,105.53434300422668
binarySort,13000000,100000,normal,True,59.98095631599426
quickSort,14000000,100000,normal,True,102.55681490898132
mergeSort,14000000,100000,normal,True,42.30070376396179
binarySort,14000000,100000,normal,True,27.0449435710907
quickSort,15000000,100000,normal,True,44.70885396003723
mergeSort,15000000,100000,normal,True,45.736427783966064
binarySort,15000000,100000,normal,True,29.505988359451294
quickSort,11000000,200000,normal,True,34.10543394088745
mergeSort,11000000,200000,normal,True,32.54606580734253
binarySort,11000000,200000,normal,True,21.44685983657837
quickSort,12000000,200000,normal,True,36.586050271987915
mergeSort,12000000,200000,normal,True,35.63530659675598
binarySort,12000000,200000,normal,True,23.832964420318604
quickSort,13000000,200000,normal,True,39.21117568016052
mergeSort,13000000,200000,normal,True,39.23535132408142
binarySort,13000000,200000,normal,True,25.825719833374023
quickSort,14000000,200000,normal,True,43.315118074417114
mergeSort,14000000,200000,normal,True,42.446609020233154
binarySort,14000000,200000,normal,True,28.10196328163147
quickSort,15000000,200000,normal,True,46.731449604034424
mergeSort,15000000,200000,normal,True,45.90297532081604
binarySort,15000000,200000,normal,True,30.42685294151306
quickSort,11000000,10000,bimodal,True,26.307677030563354
mergeSort,11000000,10000,bimodal,True,32.21856880187988
binarySort,11000000,10000,bimodal,True,18.472147464752197
quickSort,12000000,10000,bimodal,True,29.827552795410156
mergeSort,12000000,10000,bimodal,True,35.62306761741638
binarySort,12000000,10000,bimodal,True,20.20602321624756
quickSort,13000000,10000,bimodal,True,32.99749183654785
mergeSort,13000000,10000,bimodal,True,38.786357402801514
binarySort,13000000,10000,bimodal,True,22.094599962234497
quickSort,14000000,10000,bimodal,True,35.44140934944153
mergeSort,14000000,10000,bimodal,True,42.02210807800293
binarySort,14000000,10000,bimodal,True,24.033193111419678
quickSort,15000000,10000,bimodal,True,38.345993757247925
mergeSort,15000000,10000,bimodal,True,45.38905930519104
binarySort,15000000,10000,bimodal,True,26.015977144241333
quickSort,11000000,50000,bimodal,True,29.939533710479736
mergeSort,11000000,50000,bimodal,True,32.487640142440796
binarySort,11000000,50000,bimodal,True,20.0450758934021
quickSort,12000000,50000,bimodal,True,33.25570249557495
mergeSort,12000000,50000,bimodal,True,81.98507785797119
binarySort,12000000,50000,bimodal,True,54.61335635185242
quickSort,13000000,50000,bimodal,True,113.72401189804077
mergeSort,13000000,50000,bimodal,True,107.25142025947571
binarySort,13000000,50000,bimodal,True,58.10128116607666
quickSort,14000000,50000,bimodal,True,114.88467335700989
mergeSort,14000000,50000,bimodal,True,114.07920479774475
binarySort,14000000,50000,bimodal,True,62.89543056488037
quickSort,15000000,50000,bimodal,True,126.62717485427856
mergeSort,15000000,50000,bimodal,True,124.94574522972107
binarySort,15000000,50000,bimodal,True,69.55492758750916
quickSort,11000000,100000,bimodal,True,96.54398202896118
mergeSort,11000000,100000,bimodal,True,89.69759273529053
binarySort,11000000,100000,bimodal,True,50.815451860427856
quickSort,12000000,100000,bimodal,True,108.67292618751526
mergeSort,12000000,100000,bimodal,True,88.60571813583374
binarySort,12000000,100000,bimodal,True,56.63498282432556
quickSort,13000000,100000,bimodal,True,110.56782698631287
mergeSort,13000000,100000,bimodal,True,105.40282154083252
binarySort,13000000,100000,bimodal,True,60.14290642738342
quickSort,14000000,100000,bimodal,True,120.23583269119263
mergeSort,14000000,100000,bimodal,True,116.36490941047668
binarySort,14000000,100000,bimodal,True,58.735045433044434
quickSort,15000000,100000,bimodal,True,135.51458716392517
mergeSort,15000000,100000,bimodal,True,123.27668809890747
binarySort,15000000,100000,bimodal,True,73.03199410438538
quickSort,11000000,200000,bimodal,True,97.66063213348389
mergeSort,11000000,200000,bimodal,True,88.6994469165802
binarySort,11000000,200000,bimodal,True,52.45240545272827
quickSort,12000000,200000,bimodal,True,107.71528005599976
mergeSort,12000000,200000,bimodal,True,98.66967391967773
binarySort,12000000,200000,bimodal,True,57.55132722854614
quickSort,13000000,200000,bimodal,True,114.56575226783752
mergeSort,13000000,200000,bimodal,True,107.07730388641357
binarySort,13000000,200000,bimodal,True,64.08343529701233
quickSort,14000000,200000,bimodal,True,132.69290733337402
mergeSort,14000000,200000,bimodal,True,116.21559596061707
binarySort,14000000,200000,bimodal,True,70.12008738517761
quickSort,15000000,200000,bimodal,True,138.65427589416504
mergeSort,15000000,200000,bimodal,True,124.5944299697876
binarySort,15000000,200000,bimodal,True,74.48045206069946
quickSort,11000000,10000,zeros,True,25.05902671813965
mergeSort,11000000,10000,zeros,True,76.31056928634644
binarySort,11000000,10000,zeros,True,27.0108699798584
quickSort,12000000,10000,zeros,True,27.699111700057983
mergeSort,12000000,10000,zeros,True,84.176682472229
binarySort,12000000,10000,zeros,True,29.51753258705139
quickSort,13000000,10000,zeros,True,27.53051257133484
mergeSort,13000000,10000,zeros,True,89.5786383152008
binarySort,13000000,10000,zeros,True,32.99700140953064
quickSort,14000000,10000,zeros,True,30.08107876777649
mergeSort,14000000,10000,zeros,True,97.02693104743958
binarySort,14000000,10000,zeros,True,34.47678875923157
quickSort,15000000,10000,zeros,True,33.29088759422302
mergeSort,15000000,10000,zeros,True,107.32924580574036
binarySort,15000000,10000,zeros,True,39.0974018573761
quickSort,11000000,50000,zeros,True,27.786442041397095
mergeSort,11000000,50000,zeros,True,78.18778872489929
binarySort,11000000,50000,zeros,True,31.18037509918213
quickSort,12000000,50000,zeros,True,28.606179237365723
mergeSort,12000000,50000,zeros,True,80.51681780815125
binarySort,12000000,50000,zeros,True,33.59722089767456
quickSort,13000000,50000,zeros,True,26.76053810119629
mergeSort,13000000,50000,zeros,True,77.88358211517334
binarySort,13000000,50000,zeros,True,30.078194618225098
quickSort,14000000,50000,zeros,True,30.4887113571167
mergeSort,14000000,50000,zeros,True,88.1288206577301
binarySort,14000000,50000,zeros,True,39.6458158493042
quickSort,15000000,50000,zeros,True,25.14492893218994
mergeSort,15000000,50000,zeros,True,96.19753193855286
binarySort,15000000,50000,zeros,True,38.66635870933533
quickSort,11000000,100000,zeros,True,23.266069412231445
mergeSort,11000000,100000,zeros,True,71.31629800796509
binarySort,11000000,100000,zeros,True,31.826481103897095
quickSort,12000000,100000,zeros,True,34.13490843772888
mergeSort,12000000,100000,zeros,True,83.77596616744995
binarySort,12000000,100000,zeros,True,35.091978549957275
quickSort,13000000,100000,zeros,True,31.419360876083374
mergeSort,13000000,100000,zeros,True,92.1682755947113
binarySort,13000000,100000,zeros,True,39.616846799850464
quickSort,14000000,100000,zeros,True,36.212435722351074
mergeSort,14000000,100000,zeros,True,99.84177088737488
binarySort,14000000,100000,zeros,True,42.997894525527954
quickSort,15000000,100000,zeros,True,42.54206347465515
mergeSort,15000000,100000,zeros,True,109.56564807891846
binarySort,15000000,100000,zeros,True,44.71519994735718
quickSort,11000000,200000,zeros,True,132.61731719970703
mergeSort,11000000,200000,zeros,True,73.84623622894287
binarySort,11000000,200000,zeros,True,29.209112882614136
quickSort,12000000,200000,zeros,True,11.086334466934204
mergeSort,12000000,200000,zeros,True,29.819536924362183
binarySort,12000000,200000,zeros,True,14.132994890213013
quickSort,13000000,200000,zeros,True,12.048571825027466
mergeSort,13000000,200000,zeros,True,32.56493663787842
binarySort,13000000,200000,zeros,True,15.563288688659668
quickSort,14000000,200000,zeros,True,12.716254711151123
mergeSort,14000000,200000,zeros,True,35.45263171195984
binarySort,14000000,200000,zeros,True,16.93512749671936
quickSort,15000000,200000,zeros,True,14.1185941696167
mergeSort,15000000,200000,zeros,True,94.19627165794373
binarySort,15000000,200000,zeros,True,48.41907048225403
quickSort,11000000,10000,right_skewed,True,43.947593450546265
mergeSort,11000000,10000,right_skewed,True,85.87757205963135
binarySort,11000000,10000,right_skewed,True,34.12197971343994
quickSort,12000000,10000,right_skewed,True,46.44592308998108
mergeSort,12000000,10000,right_skewed,True,92.8039562702179
binarySort,12000000,10000,right_skewed,True,36.8843297958374
quickSort,13000000,10000,right_skewed,True,55.47533369064331
mergeSort,13000000,10000,right_skewed,True,91.64369440078735
binarySort,13000000,10000,right_skewed,True,15.183779954910278
quickSort,14000000,10000,right_skewed,True,19.19853401184082
mergeSort,14000000,10000,right_skewed,True,38.68374991416931
binarySort,14000000,10000,right_skewed,True,16.570796251296997
quickSort,15000000,10000,right_skewed,True,20.688932180404663
mergeSort,15000000,10000,right_skewed,True,41.718947887420654
binarySort,15000000,10000,right_skewed,True,17.974233388900757
quickSort,11000000,50000,right_skewed,True,15.730032444000244
mergeSort,11000000,50000,right_skewed,True,30.174798727035522
binarySort,11000000,50000,right_skewed,True,14.079931735992432
quickSort,12000000,50000,right_skewed,True,17.464888095855713
mergeSort,12000000,50000,right_skewed,True,33.19578528404236
binarySort,12000000,50000,right_skewed,True,15.529798746109009
quickSort,13000000,50000,right_skewed,True,19.81391716003418
mergeSort,13000000,50000,right_skewed,True,36.19000840187073
binarySort,13000000,50000,right_skewed,True,31.686240196228027
quickSort,14000000,50000,right_skewed,True,57.52535653114319
mergeSort,14000000,50000,right_skewed,True,102.18860197067261
binarySort,14000000,50000,right_skewed,True,18.380414724349976
quickSort,15000000,50000,right_skewed,True,21.54072380065918
mergeSort,15000000,50000,right_skewed,True,41.97420334815979
binarySort,15000000,50000,right_skewed,True,19.69678020477295
quickSort,11000000,100000,right_skewed,True,16.478150844573975
mergeSort,11000000,100000,right_skewed,True,30.2506365776062
binarySort,11000000,100000,right_skewed,True,14.827373504638672
quickSort,12000000,100000,right_skewed,True,17.700183629989624
mergeSort,12000000,100000,right_skewed,True,33.13427472114563
binarySort,12000000,100000,right_skewed,True,16.10736608505249
quickSort,13000000,100000,right_skewed,True,20.06619644165039
mergeSort,13000000,100000,right_skewed,True,36.12214803695679
binarySort,13000000,100000,right_skewed,True,17.638540744781494
quickSort,14000000,100000,right_skewed,True,20.71219038963318
mergeSort,14000000,100000,right_skewed,True,39.248100996017456
binarySort,14000000,100000,right_skewed,True,19.220990657806396
quickSort,15000000,100000,right_skewed,True,23.853293418884277
mergeSort,15000000,100000,right_skewed,True,42.01649761199951
binarySort,15000000,100000,right_skewed,True,20.629010438919067
quickSort,11000000,200000,right_skewed,True,16.82314896583557
mergeSort,11000000,200000,right_skewed,True,30.509658575057983
binarySort,11000000,200000,right_skewed,True,15.512144088745117
quickSort,12000000,200000,right_skewed,True,18.97796630859375
mergeSort,12000000,200000,right_skewed,True,33.083847522735596
binarySort,12000000,200000,right_skewed,True,16.943503618240356
quickSort,13000000,200000,right_skewed,True,20.613982439041138
mergeSort,13000000,200000,right_skewed,True,36.14938449859619
binarySort,13000000,200000,right_skewed,True,18.427402019500732
quickSort,14000000,200000,right_skewed,True,21.85610008239746
mergeSort,14000000,200000,right_skewed,True,39.15029740333557
binarySort,14000000,200000,right_skewed,True,19.997406244277954
quickSort,15000000,200000,right_skewed,True,23.26882314682007
mergeSort,15000000,200000,right_skewed,True,42.018158197402954
binarySort,15000000,200000,right_skewed,True,21.752382516860962
quickSort,11000000,10000,left_skewed,True,2.1059634685516357
mergeSort,11000000,10000,left_skewed,True,24.007554054260254
binarySort,11000000,10000,left_skewed,True,5.276144981384277
quickSort,12000000,10000,left_skewed,True,1.8167407512664795
mergeSort,12000000,10000,left_skewed,True,26.309889554977417
binarySort,12000000,10000,left_skewed,True,6.443345546722412
quickSort,13000000,10000,left_skewed,True,2.91009521484375
mergeSort,13000000,10000,left_skewed,True,28.722546577453613
binarySort,13000000,10000,left_skewed,True,6.304883718490601
quickSort,14000000,10000,left_skewed,True,2.2829155921936035
mergeSort,14000000,10000,left_skewed,True,30.88008761405945
binarySort,14000000,10000,left_skewed,True,6.688839435577393
quickSort,15000000,10000,left_skewed,True,2.4095356464385986
mergeSort,15000000,10000,left_skewed,True,33.1839382648468
binarySort,15000000,10000,left_skewed,True,7.228407859802246
quickSort,11000000,50000,left_skewed,True,1.6555778980255127
mergeSort,11000000,50000,left_skewed,True,23.977925539016724
binarySort,11000000,50000,left_skewed,True,5.280996322631836
quickSort,12000000,50000,left_skewed,True,1.851388692855835
mergeSort,12000000,50000,left_skewed,True,26.165950775146484
binarySort,12000000,50000,left_skewed,True,6.452491044998169
quickSort,13000000,50000,left_skewed,True,2.0931813716888428
mergeSort,13000000,50000,left_skewed,True,28.630942344665527
binarySort,13000000,50000,left_skewed,True,6.300385236740112
quickSort,14000000,50000,left_skewed,True,2.146233081817627
mergeSort,14000000,50000,left_skewed,True,30.848320960998535
binarySort,14000000,50000,left_skewed,True,6.750900030136108
quickSort,15000000,50000,left_skewed,True,2.272494077682495
mergeSort,15000000,50000,left_skewed,True,33.21351099014282
binarySort,15000000,50000,left_skewed,True,8.03760290145874
quickSort,11000000,100000,left_skewed,True,1.7455947399139404
mergeSort,11000000,100000,left_skewed,True,24.080395221710205
binarySort,11000000,100000,left_skewed,True,5.273396015167236
quickSort,12000000,100000,left_skewed,True,1.8422324657440186
mergeSort,12000000,100000,left_skewed,True,26.170508861541748
binarySort,12000000,100000,left_skewed,True,6.414300441741943
quickSort,13000000,100000,left_skewed,True,1.9536983966827393
mergeSort,13000000,100000,left_skewed,True,28.7559814453125
binarySort,13000000,100000,left_skewed,True,6.305428981781006
quickSort,14000000,100000,left_skewed,True,2.215602397918701
mergeSort,14000000,100000,left_skewed,True,30.87876272201538
binarySort,14000000,100000,left_skewed,True,6.77175235748291
quickSort,15000000,100000,left_skewed,True,2.3100106716156006
mergeSort,15000000,100000,left_skewed,True,33.12603998184204
binarySort,15000000,100000,left_skewed,True,7.261006116867065
quickSort,11000000,200000,left_skewed,True,1.7206015586853027
mergeSort,11000000,200000,left_skewed,True,24.096513271331787
binarySort,11000000,200000,left_skewed,True,5.244657516479492
quickSort,12000000,200000,left_skewed,True,1.8079750537872314
mergeSort,12000000,200000,left_skewed,True,26.228819131851196
binarySort,12000000,200000,left_skewed,True,5.761010646820068
quickSort,13000000,200000,left_skewed,True,2.069084644317627
mergeSort,13000000,200000,left_skewed,True,28.66068720817566
binarySort,13000000,200000,left_skewed,True,6.260604619979858
quickSort,14000000,200000,left_skewed,True,2.3365254402160645
mergeSort,14000000,200000,left_skewed,True,30.914671659469604
binarySort,14000000,200000,left_skewed,True,6.776514530181885
quickSort,15000000,200000,left_skewed,True,3.001640796661377
mergeSort,15000000,200000,left_skewed,True,33.30669713020325
binarySort,15000000,200000,left_skewed,True,8.093846559524536
